{
    "root_group": {
        "id": "d41d8cd98f00b204e9800998ecf8427e",
        "groups": {},
        "checks": {
                "retorna HTTP 500 controlado": {
                    "name": "retorna HTTP 500 controlado",
                    "path": "::retorna HTTP 500 controlado",
                    "id": "49a40e0af8b019e0dec59a5aa5682a8b",
                    "passes": 435,
                    "fails": 0
                },
                "retorna mensagem de pagamento não aprovado": {
                    "name": "retorna mensagem de pagamento não aprovado",
                    "path": "::retorna mensagem de pagamento não aprovado",
                    "id": "f8cf874f6a7927e62542cef0eb325639",
                    "passes": 435,
                    "fails": 0
                }
            },
        "name": "",
        "path": ""
    },
    "metrics": {
        "data_sent": {
            "count": 110925,
            "rate": 6664.144274791449
        },
        "http_req_tls_handshaking": {
            "p(90)": 0,
            "p(95)": 0,
            "avg": 0,
            "min": 0,
            "med": 0,
            "max": 0
        },
        "duracao_degradacao": {
            "p(90)": 6.924480000000001,
            "p(95)": 10.402399999999975,
            "avg": 90.8305282758621,
            "min": 1.7644,
            "med": 4.1101,
            "max": 2529.8595,
            "thresholds": {
                "p(95)<2500": false
            }
        },
        "http_req_duration{expected_response:true}": {
            "max": 2529.8595,
            "p(90)": 6.924480000000001,
            "p(95)": 10.402399999999975,
            "avg": 90.8305282758621,
            "min": 1.7644,
            "med": 4.1101
        },
        "vus": {
            "max": 5,
            "value": 5,
            "min": 5
        },
        "http_req_duration": {
            "p(95)": 10.402399999999975,
            "avg": 90.8305282758621,
            "min": 1.7644,
            "med": 4.1101,
            "max": 2529.8595,
            "p(90)": 6.924480000000001,
            "thresholds": {
                "p(95)<2500": false
            }
        },
        "http_req_connecting": {
            "avg": 0.005922988505747126,
            "min": 0,
            "med": 0,
            "max": 0.5153,
            "p(90)": 0,
            "p(95)": 0
        },
        "http_req_sending": {
            "p(95)": 0,
            "avg": 0,
            "min": 0,
            "med": 0,
            "max": 0,
            "p(90)": 0
        },
        "degradacao_controlada": {
            "passes": 435,
            "fails": 0,
            "thresholds": {
                "rate>0.95": false
            },
            "value": 1
        },
        "iteration_duration": {
            "p(95)": 110.87139999999998,
            "avg": 191.31732597701162,
            "min": 102.1961,
            "med": 104.4335,
            "max": 2638.2986,
            "p(90)": 107.38362000000001
        },
        "http_req_failed": {
            "passes": 0,
            "fails": 435,
            "thresholds": {
                "rate<0.05": false
            },
            "value": 0
        },
        "http_reqs": {
            "count": 435,
            "rate": 26.13389911682921
        },
        "http_req_receiving": {
            "med": 0,
            "max": 1.0066,
            "p(90)": 0,
            "p(95)": 0.5170899999999999,
            "avg": 0.03740620689655172,
            "min": 0
        },
        "iterations": {
            "count": 435,
            "rate": 26.13389911682921
        },
        "vus_max": {
            "value": 5,
            "min": 5,
            "max": 5
        },
        "http_req_blocked": {
            "avg": 0.08576091954022988,
            "min": 0,
            "med": 0,
            "max": 7.4612,
            "p(90)": 0,
            "p(95)": 0
        },
        "http_req_waiting": {
            "avg": 90.79312206896554,
            "min": 1.7644,
            "med": 4.0645,
            "max": 2529.8595,
            "p(90)": 6.859520000000004,
            "p(95)": 10.402399999999975
        },
        "data_received": {
            "count": 125280,
            "rate": 7526.562945646812
        },
        "checks": {
            "passes": 870,
            "fails": 0,
            "thresholds": {
                "rate>0.95": false
            },
            "value": 1
        }
    }
}