{
    "root_group": {
        "id": "d41d8cd98f00b204e9800998ecf8427e",
        "groups": {},
        "checks": {
                "retorna HTTP 200": {
                    "name": "retorna HTTP 200",
                    "path": "::retorna HTTP 200",
                    "id": "957b662e70bb21f99068461622e76021",
                    "passes": 10000,
                    "fails": 0
                },
                "retorna o pedido 1001": {
                    "fails": 0,
                    "name": "retorna o pedido 1001",
                    "path": "::retorna o pedido 1001",
                    "id": "4d662fa193e7175b6991d6d6d5655a79",
                    "passes": 10000
                }
            },
        "name": "",
        "path": ""
    },
    "metrics": {
        "http_req_failed": {
            "passes": 0,
            "fails": 10000,
            "thresholds": {
                "rate<0.05": false
            },
            "value": 0
        },
        "http_req_tls_handshaking": {
            "avg": 0,
            "min": 0,
            "med": 0,
            "max": 0,
            "p(90)": 0,
            "p(95)": 0
        },
        "iterations": {
            "count": 10000,
            "rate": 3650.934306746704
        },
        "vus_max": {
            "value": 10000,
            "min": 10000,
            "max": 10000
        },
        "http_req_blocked": {
            "avg": 606.8250836032997,
            "min": 0.760908,
            "med": 230.053152,
            "max": 2073.992617,
            "p(90)": 1032.7812228999999,
            "p(95)": 1037.983663
        },
        "http_req_sending": {
            "p(95)": 78.5886542,
            "avg": 10.020133442099981,
            "min": 0.007074,
            "med": 2.2415385,
            "max": 110.506597,
            "p(90)": 21.39871310000002
        },
        "vus": {
            "value": 458,
            "min": 458,
            "max": 8647
        },
        "http_req_connecting": {
            "min": 0.041811,
            "med": 229.3106275,
            "max": 2059.968728,
            "p(90)": 1032.4183576,
            "p(95)": 1037.2738219500002,
            "avg": 606.1979762130997
        },
        "http_req_duration": {
            "avg": 700.590691470997,
            "min": 157.345637,
            "med": 727.6097494999999,
            "max": 1214.092302,
            "p(90)": 1100.9985625,
            "p(95)": 1138.02691335,
            "thresholds": {
                "p(95)<2500": false
            }
        },
        "http_req_receiving": {
            "avg": 0.05831039149999989,
            "min": 0.008527,
            "med": 0.0558105,
            "max": 10.862257,
            "p(90)": 0.07104400000000002,
            "p(95)": 0.09758199999999997
        },
        "iteration_duration": {
            "min": 205.509274,
            "med": 1307.5089575,
            "max": 2349.315441,
            "p(90)": 2140.2673538,
            "p(95)": 2192.6540468000003,
            "avg": 1307.6571069844977
        },
        "http_req_waiting": {
            "p(90)": 1099.2200657,
            "p(95)": 1137.95454315,
            "avg": 690.512247637401,
            "min": 151.823761,
            "med": 717.2511165000001,
            "max": 1214.024862
        },
        "data_received": {
            "count": 3590000,
            "rate": 1310685.4161220666
        },
        "data_sent": {
            "count": 760000,
            "rate": 277471.00731274945
        },
        "http_reqs": {
            "count": 10000,
            "rate": 3650.934306746704
        },
        "http_req_duration{expected_response:true}": {
            "max": 1214.092302,
            "p(90)": 1100.9985625,
            "p(95)": 1138.02691335,
            "avg": 700.590691470997,
            "min": 157.345637,
            "med": 727.6097494999999
        },
        "checks": {
            "passes": 20000,
            "fails": 0,
            "thresholds": {
                "rate>0.95": false
            },
            "value": 1
        }
    }
}