{
    "root_group": {
        "name": "",
        "path": "",
        "id": "d41d8cd98f00b204e9800998ecf8427e",
        "groups": {},
        "checks": {
                "retorna HTTP 200": {
                    "name": "retorna HTTP 200",
                    "path": "::retorna HTTP 200",
                    "id": "957b662e70bb21f99068461622e76021",
                    "passes": 10000,
                    "fails": 0
                },
                "retorna o pedido 1001": {
                    "name": "retorna o pedido 1001",
                    "path": "::retorna o pedido 1001",
                    "id": "4d662fa193e7175b6991d6d6d5655a79",
                    "passes": 10000,
                    "fails": 0
                }
            }
    },
    "metrics": {
        "checks": {
            "passes": 20000,
            "fails": 0,
            "thresholds": {
                "rate>0.95": false
            },
            "value": 1
        },
        "http_req_connecting": {
            "avg": 593.4470945174995,
            "min": 105.015231,
            "med": 153.68077499999998,
            "max": 2060.194388,
            "p(90)": 1036.8171118,
            "p(95)": 2040.51465455
        },
        "data_sent": {
            "count": 760000,
            "rate": 257503.55098243855
        },
        "http_req_sending": {
            "avg": 5.790538514700015,
            "min": 0.007885,
            "med": 2.262854,
            "max": 52.436315,
            "p(90)": 12.7901673,
            "p(95)": 27.682258049999962
        },
        "iteration_duration": {
            "avg": 1446.0894925501038,
            "min": 283.253386,
            "med": 1475.7551195,
            "max": 2572.139807,
            "p(90)": 2308.386487,
            "p(95)": 2464.88858715
        },
        "iterations": {
            "count": 10000,
            "rate": 3388.204618189981
        },
        "vus": {
            "max": 8945,
            "value": 1371,
            "min": 1371
        },
        "data_received": {
            "count": 3590000,
            "rate": 1216365.457930203
        },
        "http_req_blocked": {
            "min": 105.057903,
            "med": 154.4772415,
            "max": 2088.332939,
            "p(90)": 1038.1593572,
            "p(95)": 2040.64568175,
            "avg": 594.3547291792981
        },
        "http_req_receiving": {
            "p(95)": 0.07260149999999999,
            "avg": 0.05323223589999984,
            "min": -1.569289,
            "med": 0.0478525,
            "max": 8.524907,
            "p(90)": 0.06533610000000001
        },
        "http_reqs": {
            "count": 10000,
            "rate": 3388.204618189981
        },
        "http_req_tls_handshaking": {
            "avg": 0,
            "min": 0,
            "med": 0,
            "max": 0,
            "p(90)": 0,
            "p(95)": 0
        },
        "http_req_duration": {
            "max": 1546.972894,
            "p(90)": 1322.7525545,
            "p(95)": 1420.8210935999998,
            "avg": 850.4381791471014,
            "min": 129.813878,
            "med": 871.029475,
            "thresholds": {
                "p(95)<2500": false
            }
        },
        "http_req_failed": {
            "fails": 10000,
            "passes": 0,
            "thresholds": {
                "rate<0.05": false
            },
            "value": 0
        },
        "http_req_waiting": {
            "avg": 844.5944083965002,
            "min": 125.529592,
            "med": 869.1805605,
            "max": 1543.490924,
            "p(90)": 1316.7029766,
            "p(95)": 1407.7716477499996
        },
        "vus_max": {
            "value": 10000,
            "min": 10000,
            "max": 10000
        },
        "http_req_duration{expected_response:true}": {
            "med": 871.029475,
            "max": 1546.972894,
            "p(90)": 1322.7525545,
            "p(95)": 1420.8210935999998,
            "avg": 850.4381791471014,
            "min": 129.813878
        }
    }
}